INSERT INTO clinics (id, code, name)
VALUES
  ('60000000-0000-4000-8000-000000000001', 'KABALAKA_CLINIC', 'KABALAKA Clinic'),
  ('60000000-0000-4000-8000-000000000002', 'CPU_CLINIC', 'CPU Clinic')
ON CONFLICT (id) DO NOTHING;

INSERT INTO users (id, full_name, email, password_hash, role, clinic_id)
VALUES
  ('00000000-0000-4000-8000-000000000001', 'System Admin', 'admin@medclinic.local', crypt('Admin123!', gen_salt('bf', 12)), 'ADMIN', NULL),
  ('00000000-0000-4000-8000-000000000002', 'Clinic Staff', 'staff@medclinic.local', crypt('Staff123!', gen_salt('bf', 12)), 'CLINIC_STAFF', '60000000-0000-4000-8000-000000000001'),
  ('00000000-0000-4000-8000-000000000003', 'Schedule Coordinator', 'coordinator@medclinic.local', crypt('Coordinator123!', gen_salt('bf', 12)), 'COORDINATOR', NULL)
ON CONFLICT (id) DO NOTHING;

INSERT INTO colleges (id, code, name)
VALUES
  ('10000000-0000-4000-8000-000000000001', 'CARES', 'College of Agriculture, Resources and Environmental Sciences'),
  ('10000000-0000-4000-8000-000000000002', 'CAS', 'College of Arts & Sciences'),
  ('10000000-0000-4000-8000-000000000003', 'CBA', 'College of Business & Accountancy'),
  ('10000000-0000-4000-8000-000000000004', 'CCS', 'College of Computer Studies'),
  ('10000000-0000-4000-8000-000000000005', 'CED', 'College of Education'),
  ('10000000-0000-4000-8000-000000000006', 'COE', 'College of Engineering'),
  ('10000000-0000-4000-8000-000000000007', 'CHM', 'College of Hospitality Management'),
  ('10000000-0000-4000-8000-000000000008', 'CMLS', 'College of Medical Laboratory Science'),
  ('10000000-0000-4000-8000-000000000009', 'CON', 'College of Nursing'),
  ('10000000-0000-4000-8000-000000000010', 'COP', 'College of Pharmacy'),
  ('10000000-0000-4000-8000-000000000011', 'COL', 'College of Law'),
  ('10000000-0000-4000-8000-000000000012', 'COM', 'College of Medicine'),
  ('10000000-0000-4000-8000-000000000013', 'COT', 'College of Theology')
ON CONFLICT (id) DO NOTHING;

INSERT INTO programs (id, college_id, code, name)
VALUES
  ('20000000-0000-4000-8000-000000000001', '10000000-0000-4000-8000-000000000001', 'BSA', 'Bachelor of Science in Agriculture'),
  ('20000000-0000-4000-8000-000000000002', '10000000-0000-4000-8000-000000000001', 'BSABE', 'Bachelor of Science in Agricultural and Biosystems Engineering'),
  ('20000000-0000-4000-8000-000000000003', '10000000-0000-4000-8000-000000000001', 'BSEM', 'Bachelor of Science in Environmental Management'),
  ('20000000-0000-4000-8000-000000000004', '10000000-0000-4000-8000-000000000002', 'BAELS', 'Bachelor of Arts in English Language Studies'),
  ('20000000-0000-4000-8000-000000000005', '10000000-0000-4000-8000-000000000002', 'BSBIO-MB', 'Bachelor of Science in Biology with specialization in Medical Biology'),
  ('20000000-0000-4000-8000-000000000006', '10000000-0000-4000-8000-000000000002', 'BSBIO-MIC', 'Bachelor of Science in Biology with specialization in Microbiology'),
  ('20000000-0000-4000-8000-000000000007', '10000000-0000-4000-8000-000000000002', 'BSCHEM', 'Bachelor of Science in Chemistry'),
  ('20000000-0000-4000-8000-000000000008', '10000000-0000-4000-8000-000000000002', 'BSPSYCH', 'Bachelor of Science in Psychology'),
  ('20000000-0000-4000-8000-000000000009', '10000000-0000-4000-8000-000000000002', 'BSSW', 'Bachelor of Science in Social Work'),
  ('20000000-0000-4000-8000-000000000010', '10000000-0000-4000-8000-000000000003', 'BSA', 'Bachelor of Science in Accountancy'),
  ('20000000-0000-4000-8000-000000000011', '10000000-0000-4000-8000-000000000003', 'BSMA', 'Bachelor of Science in Management Accounting'),
  ('20000000-0000-4000-8000-000000000012', '10000000-0000-4000-8000-000000000003', 'BSBA-HRM', 'Bachelor of Science in Business Administration major in Human Resource Management'),
  ('20000000-0000-4000-8000-000000000013', '10000000-0000-4000-8000-000000000003', 'BSBA-FM', 'Bachelor of Science in Business Administration major in Financial Management'),
  ('20000000-0000-4000-8000-000000000014', '10000000-0000-4000-8000-000000000003', 'BSBA-MM', 'Bachelor of Science in Business Administration major in Marketing Management'),
  ('20000000-0000-4000-8000-000000000015', '10000000-0000-4000-8000-000000000003', 'BSENT', 'Bachelor of Science in Entrepreneurship'),
  ('20000000-0000-4000-8000-000000000016', '10000000-0000-4000-8000-000000000004', 'BSCS', 'Bachelor of Science in Computer Science'),
  ('20000000-0000-4000-8000-000000000017', '10000000-0000-4000-8000-000000000004', 'BSDMIA', 'Bachelor of Science in Digital Media and Interactive Arts'),
  ('20000000-0000-4000-8000-000000000018', '10000000-0000-4000-8000-000000000004', 'BSIT', 'Bachelor of Science in Information Technology'),
  ('20000000-0000-4000-8000-000000000019', '10000000-0000-4000-8000-000000000004', 'BLIS', 'Bachelor in Library and Information Science'),
  ('20000000-0000-4000-8000-000000000020', '10000000-0000-4000-8000-000000000005', 'BECED', 'Bachelor of Early Childhood Education'),
  ('20000000-0000-4000-8000-000000000021', '10000000-0000-4000-8000-000000000005', 'BEED', 'Bachelor of Elementary Education'),
  ('20000000-0000-4000-8000-000000000022', '10000000-0000-4000-8000-000000000005', 'BPED', 'Bachelor of Physical Education'),
  ('20000000-0000-4000-8000-000000000023', '10000000-0000-4000-8000-000000000005', 'BSED-ENG', 'Bachelor of Secondary Education major in English'),
  ('20000000-0000-4000-8000-000000000024', '10000000-0000-4000-8000-000000000005', 'BSED-FIL', 'Bachelor of Secondary Education major in Filipino'),
  ('20000000-0000-4000-8000-000000000025', '10000000-0000-4000-8000-000000000005', 'BSED-MATH', 'Bachelor of Secondary Education major in Mathematics'),
  ('20000000-0000-4000-8000-000000000026', '10000000-0000-4000-8000-000000000005', 'BSED-SCI', 'Bachelor of Secondary Education major in Science'),
  ('20000000-0000-4000-8000-000000000027', '10000000-0000-4000-8000-000000000005', 'BSED-SNED', 'Bachelor of Secondary Education major in Special Needs Education'),
  ('20000000-0000-4000-8000-000000000028', '10000000-0000-4000-8000-000000000006', 'BSCHE', 'Bachelor of Science in Chemical Engineering'),
  ('20000000-0000-4000-8000-000000000029', '10000000-0000-4000-8000-000000000006', 'BSCE', 'Bachelor of Science in Civil Engineering'),
  ('20000000-0000-4000-8000-000000000030', '10000000-0000-4000-8000-000000000006', 'BSEE', 'Bachelor of Science in Electrical Engineering'),
  ('20000000-0000-4000-8000-000000000031', '10000000-0000-4000-8000-000000000006', 'BSECE', 'Bachelor of Science in Electronics Engineering'),
  ('20000000-0000-4000-8000-000000000032', '10000000-0000-4000-8000-000000000006', 'BSME', 'Bachelor of Science in Mechanical Engineering'),
  ('20000000-0000-4000-8000-000000000033', '10000000-0000-4000-8000-000000000006', 'BSPKGE', 'Bachelor of Science in Packaging Engineering'),
  ('20000000-0000-4000-8000-000000000034', '10000000-0000-4000-8000-000000000006', 'BSSE', 'Bachelor of Science in Software Engineering'),
  ('20000000-0000-4000-8000-000000000035', '10000000-0000-4000-8000-000000000006', 'DIP-PKGT', 'Diploma in Packaging Technology (Study Plan for DOST Scholars)'),
  ('20000000-0000-4000-8000-000000000036', '10000000-0000-4000-8000-000000000007', 'BSHM', 'Bachelor of Science in Hospitality Management'),
  ('20000000-0000-4000-8000-000000000037', '10000000-0000-4000-8000-000000000007', 'BSTM', 'Bachelor of Science in Tourism Management'),
  ('20000000-0000-4000-8000-000000000038', '10000000-0000-4000-8000-000000000008', 'BSMLS', 'Bachelor of Science in Medical Laboratory Science'),
  ('20000000-0000-4000-8000-000000000039', '10000000-0000-4000-8000-000000000009', 'BSN', 'Bachelor of Science in Nursing'),
  ('20000000-0000-4000-8000-000000000040', '10000000-0000-4000-8000-000000000010', 'BSPHARM', 'Bachelor of Science in Pharmacy'),
  ('20000000-0000-4000-8000-000000000041', '10000000-0000-4000-8000-000000000011', 'JD', 'Juris Doctor (J.D.)'),
  ('20000000-0000-4000-8000-000000000042', '10000000-0000-4000-8000-000000000012', 'BSRT', 'Bachelor of Science in Respiratory Therapy'),
  ('20000000-0000-4000-8000-000000000043', '10000000-0000-4000-8000-000000000012', 'MD', 'Doctor of Medicine'),
  ('20000000-0000-4000-8000-000000000044', '10000000-0000-4000-8000-000000000013', 'BTH', 'Bachelor of Theology'),
  ('20000000-0000-4000-8000-000000000045', '10000000-0000-4000-8000-000000000013', 'CERT-CM', 'Certificate in Christian Ministry'),
  ('20000000-0000-4000-8000-000000000046', '10000000-0000-4000-8000-000000000013', 'DIP-CM', 'Diploma in Christian Ministry')
ON CONFLICT (id) DO NOTHING;

INSERT INTO priority_groups (id, name, rank_order)
VALUES
  ('30000000-0000-4000-8000-000000000002', 'OJT', 1),
  ('30000000-0000-4000-8000-000000000003', 'Tour', 2),
  ('30000000-0000-4000-8000-000000000004', 'Regular', 3)
ON CONFLICT (id) DO NOTHING;

INSERT INTO clinic_capacity_settings (id, clinic_id, schedule_type, safe_daily_capacity, max_daily_capacity)
VALUES
  ('40000000-0000-4000-8000-000000000001', '60000000-0000-4000-8000-000000000002', 'PHYSICAL_EXAM', 150, 150),
  ('40000000-0000-4000-8000-000000000002', '60000000-0000-4000-8000-000000000001', 'LABORATORY', 150, 150)
ON CONFLICT (id) DO NOTHING;
